{"rushing_defense": 90.74487734487735, "passing_defense": 12.84549062049062}